,IVA
0,2248.28
1,78.4
2,31.2
4,0.0
5,0.0
8,0.0
9,0.0
10,699.48
11,25.52
12,76.8
13,400.0
14,14.15
15,855.16
16,824.35
17,0.0
18,0.0
19,0.0
20,124.37
21,146.57
22,124.37
23,124.37
24,396.0
25,40.96
26,45.12
28,80.0
29,0.0
30,0.0
31,672.0
32,0.0
33,0.0
34,0.0
35,0.0
36,56.0
37,28.44
38,8.27
39,561.6
40,96.0
41,82.66
43,23.88
44,38.57
45,224.0
46,484.12
48,57.6
49,182.26
50,175.44
52,320.0
53,269.92
55,0.0
56,32.35
57,13.66
58,15.5
59,0.0
60,0.0
62,685.87
63,328.16
64,300.16
65,300.16
66,144.0
67,0.0
68,0.0
69,56.16
71,134.07
72,50.12
73,444.0
74,136.8
75,52.2
76,312.8
77,112.39
78,0.0
79,0.0
80,136.8
81,0.0
82,403.84
83,13.72
84,0.0
86,444.72
87,0.0
88,0.0
89,0.0
90,0.0
91,16.97
92,576.0
93,640.0
94,168.0
95,24.58
96,0.0
97,15.22
98,48.48
99,0.0
100,0.0
101,0.0
102,0.0
103,444.68
106,0.0
107,13.42
108,72.0
109,42.62
110,411.6
111,130.13
112,11.7
113,0.0
114,79.2
115,-96.0
116,0.0
117,0.0
120,368.0
121,36.52
122,0.0
125,0.0
126,0.0
127,46.36
128,282.24
129,852.69
130,62.09
131,52.06
132,0.0
133,0.0
134,0.0
135,0.0
138,192.67
139,0.0
140,0.0
141,175.41
142,121.42
143,195.71
145,211.2
146,0.0
148,496.0
149,0.0
150,0.0
151,0.0
152,0.0
153,0.0
154,50.34
155,0.0
156,55.16
157,116.84
159,0.0
160,0.0
161,0.0
162,23.17
163,80.89
164,67.4
165,13.44
166,13.44
167,38.3
168,522.88
169,583.68
170,419.93
172,296.8
173,985.6
174,408.0
175,25.6
176,109.44
177,109.44
180,15.56
181,4.44
182,313.62
183,0.0
184,0.0
185,311.52
187,1005.84
189,235.92
190,275.53
191,919.63
193,784.0
194,326.58
195,12.14
196,0.0
197,0.0
198,0.0
199,0.0
201,72.96
202,0.0
203,0.0
206,0.0
207,0.0
208,0.0
209,7.47
210,546.57
211,26.98
212,25.76
213,825.12
214,0.0
215,360.0
216,0.0
217,62.09
218,0.0
219,0.0
220,212.98
221,161.47
222,356.32
223,60.0
225,0.0
226,0.0
227,13.78
228,0.0
229,101.22
230,362.88
231,0.0
232,163.2
233,0.0
234,0.0
235,0.0
236,0.0
237,136.8
238,73.46
239,496.0
240,3.03
241,3.03
242,22.89
243,42.12
244,0.0
245,489.6
246,0.0
247,44.68
248,0.0
249,153.6
250,7.27
251,208.0
252,4.0
253,13.49
254,0.0
255,68.16
256,132.23
257,13.31
258,326.27
259,207.04
260,0.0
262,0.0
263,279.22
264,372.29
265,27.59
266,557.66
267,548.59
268,26.76
269,286.82
270,0.0
271,0.0
272,0.0
273,0.0
274,0.0
275,17.36
276,256.0
277,22.34
278,66.06
279,0.0
280,268.2
281,111.76
282,0.0
283,141.31
284,38.94
285,129.28
286,70.54
287,176.0
288,955.22
289,0.0
291,137.93
292,0.0
293,16.8
294,0.0
295,800.0
296,335.22
297,24.59
300,4.54
301,0.0
302,0.0
303,171.2
305,0.0
306,0.0
307,0.0
308,80.89
309,0.0
310,6.06
311,393.12
312,134.96
313,33.12
314,18.0
315,0.0
316,0.0
317,0.0
318,0.0
320,78.4
321,31.2
322,157.74
324,-214.99
325,-34.4
326,855.16
327,824.35
328,587.28
329,469.2
330,21.1
331,676.18
332,0.0
333,0.0
334,0.0
335,0.0
336,0.0
337,0.0
338,544.31
339,116.07
340,411.18
341,109.25
342,672.0
343,329.62
344,1117.6
345,93.6
346,200.0
347,65.6
348,0.0
349,1033.44
350,304.64
352,0.0
353,0.0
354,65.6
355,168.0
357,545.17
358,73.12
359,11.18
360,15.94
362,108.97
363,107.59
364,257.41
365,22.4
366,287.04
367,192.0
368,0.0
369,0.0
370,971.06
371,254.61
372,-444.72
373,758.4
374,24.0
375,768.92
377,24.62
378,31.04
380,13.49
381,0.0
382,3.03
383,3.03
384,74.24
385,36.8
387,436.12
388,182.26
389,66.94
390,171.2
391,74.24
392,148.0
393,207.26
394,608.0
395,440.58
396,13.48
397,121.9
398,485.82
399,192.0
400,1144.69
401,329.28
402,9.93
403,0.0
404,322.59
405,146.57
406,124.37
407,124.37
408,124.37
409,57.6
410,43.2
411,312.8
412,158.58
413,304.0
414,-9.43
415,-158.58
416,165.5
417,64.8
418,0.0
419,89.66
421,0.0
422,23.2
424,23.89
425,17.28
426,20.24
427,0.0
428,100.68
429,126.89
430,72.0
431,14.4
432,273.25
433,20.8
434,0.0
435,373.09
436,640.0
437,18.24
438,390.4
439,0.0
440,0.0
441,0.0
442,390.08
443,0.0
444,0.0
445,0.0
446,0.0
447,5.33
448,18.21
449,67.47
450,300.24
451,651.72
452,0.0
453,6.13
454,5.65
455,758.4
456,8.22
457,640.0
458,173.48
459,109.88
460,50.62
462,38.57
463,109.56
464,71.2
465,1190.12
469,120.58
470,173.77
471,470.4
472,0.0
475,-72.0
476,28.97
477,7.59
478,509.2
479,36.84
480,13.48
481,3.1
482,10.48
483,626.304
484,3.03
485,588.0
487,0.0
488,0.0
489,0.0
490,51.1
491,62.09
492,0.0
493,13.48
494,0.0
495,11.97
496,129.12
497,396.0
498,509.76
499,123.52
500,515.53
501,919.63
502,955.22
503,920.84
504,267.04
508,0.0
509,674.24
510,86.91
511,912.0
512,0.0
513,0.0
514,0.0
515,0.0
516,0.0
517,635.04
518,1090.4
519,13.81
520,87.2
521,3.53
522,304.0
523,46.7
529,504.32
530,252.16
531,224.0
532,194.4
533,84.42
534,127.36
535,0.0
537,0.0
539,0.0
540,320.0
541,0.0
542,1033.6
543,54.0
544,490.64
545,24.52
546,0.0
547,0.0
548,127.13
549,1055.73
550,0.0
552,190.71
553,16.36
554,720.43
555,292.39
556,24.0
557,22.08
558,481.68
559,161.76
560,0.0
563,107.78
565,49.6
566,384.0
567,208.0
568,80.0
569,0.0
570,175.41
571,74.20615172413794
572,250.88
573,49.63
574,158.87
575,139.89
576,0.0
577,344.0
579,0.0
580,0.0
581,0.0
582,62.09
583,0.0
584,110.57
585,190.08
586,0.0
587,37.22
588,0.0
589,16.03
590,0.0
591,71.44
592,0.0
593,57.6
595,156.37
596,0.0
597,85.71
599,510.24
600,0.0
601,0.0
602,0.0
603,40.96
604,0.0
605,0.0
606,0.0
608,0.0
609,0.0
610,48.0
611,13.48
612,0.0
613,50.1
614,67.47
617,489.6
618,99.2
619,281.28
620,308.64
622,403.46
623,1176.0
624,13.66
625,45.57
626,0.0
627,0.0
628,512.0
629,22.34
630,0.0
631,299.23
632,356.32
633,37.93
634,185.74
635,123.2
636,16.77
637,1055.72
639,13.79
641,77.28
642,0.0
644,272.37
645,114.39
646,38.48
648,103.2
649,0.0
651,0.0
652,13.1
653,646.2
654,111.42
655,429.24
656,33.12
657,139.61
658,78.4
659,33.6
660,0.0
661,0.0
662,0.0
664,0.0
665,289.66
666,0.0
667,0.0
668,1133.6
669,116.91
670,0.0
671,80.0
672,0.0
673,458.4
674,327.04
675,78.81
676,93.34
677,0.0
678,292.39
679,672.0
680,0.0
681,67.2
682,84.86
683,174.4
684,631.12
685,28.8
686,38.76
687,200.16
688,4.64
689,411.84
691,0.0
692,49.66
693,224.0
694,41.84
695,1117.6
696,434.48
697,21.38
698,79.38
699,0.0
700,855.16
701,824.35
702,1005.78
703,19.86
704,48.0
706,20.28
707,0.0
708,117.23
709,16.4
710,200.49
711,1120.0
712,97.12
713,0.0
715,137.6
716,273.25
717,19.28
718,170.16
719,777.6
720,9.24
721,230.27
722,51.2
723,0.0
724,0.0
725,79.67
726,0.0
727,42.77
728,0.0
729,352.32
730,124.0
731,110.2
732,110.2
733,110.2
734,298.41
735,413.6
736,0.0
737,0.0
738,0.0
739,405.76
740,488.32
741,100.7
742,245.28
743,0.0
744,62.4
745,11.19
746,141.67
747,182.26
748,0.0
749,167.4
750,32.63
752,0.0
753,533.02
754,0.0
755,249.6
756,640.0
757,283.99
758,17.3
759,64.14
760,120.33
761,194.4
762,391.68
763,845.76
764,0.0
765,24.56
766,51.82
767,676.48
768,436.1
769,1090.4
770,42.98
771,78.26
772,588.96
773,376.32
774,0.0
775,0.0
776,0.0
777,0.0
778,320.0
779,1055.71
780,0.0
781,44.24
783,0.0
784,0.0
785,0.0
786,28.37
788,117.92
789,0.0
790,58.37
791,135.63
792,435.28
793,696.96
794,359.52
795,208.64
796,156.0
797,784.0
798,817.74
800,0.0
801,26.96
802,5.92
803,127.15
804,94.16
805,0.0
806,0.0
807,0.0
808,0.0
810,15.22
811,396.8
812,625.7
813,406.0
815,0.0
816,0.0
817,14.36
818,89.6
819,389.86
820,42.67
821,55.03
822,48.0
823,0.0
824,0.0
825,0.0
826,0.0
827,144.0
828,0.0
829,0.0
830,488.32
831,224.0
834,35.36
835,407.04
836,288.0
837,54.56
838,350.44
839,0.0
840,234.72
841,373.28
843,56.0
844,208.64
845,104.0
846,160.0
847,0.0
848,46.94
849,3.03
850,345.6
851,1055.72
853,0.0
854,1115.46
855,248.26
856,492.12
858,38.9
859,15.22
860,1084.8
861,842.43
862,183.04
863,25.92
864,207.26
868,384.0
869,0.0
870,55.03
871,0.0
872,0.0
873,0.0
874,0.0
877,677.28
878,717.12
881,0.0
882,348.06
883,191.43
884,65.06
885,2.56
886,2.56
888,0.0
889,210.97
890,280.0
891,40.0
892,85.6
893,211.52
894,192.0
895,172.32
896,0.0
897,288.0
898,35.04
899,21.72
900,94.4
901,278.72
902,0.0
903,116.32
904,0.0
905,28.99
906,121.66
907,0.0
910,0.0
911,76.16
912,9.77
913,660.8
914,22.34
915,436.48
916,126.18
917,153.51
918,80.61
919,285.06
920,315.73
921,0.0
922,1695.81
923,272.13
924,1113.3
928,327.38
931,263.85
932,0.0
933,0.0
934,2.56
935,32.97
936,153.6
937,0.0
938,0.0
939,0.0
940,2137.53
941,48.59
942,130.0
944,0.0
945,78.76
949,26.68
950,646.2
951,0.0
952,366.22
953,131.12
954,64.8
956,684.48
957,800.0
958,800.0
959,0.0
961,38.38
962,312.0
963,0.0
964,0.0
965,8.94
967,0.0
968,20.8
969,239.31
970,1047.1
971,1055.72
972,177.6
975,42.34
976,55.12
977,672.0
978,359.52
982,16.03
983,0.0
984,68.15
985,78.4
986,31.2
987,0.0
988,720.0
989,0.0
990,167.49
991,2.53
992,104.0
993,0.0
994,118.72
995,571.2
996,0.49
997,0.0
998,0.0
999,95.36
1000,124.0
1001,110.2
1002,110.2
1003,110.2
1004,855.16
1005,824.35
1006,48.0
1007,0.0
1008,800.0
1009,0.0
1010,32.63
1011,0.0
1012,0.0
1013,0.0
1014,487.68
1015,182.26
1016,0.0
1017,134.48
1018,0.0
1019,0.0
1020,640.0
1021,68.7
1022,0.0
1023,0.0
1024,0.0
1025,0.0
1026,27.62
1027,55.03
1028,47.45
1029,0.0
1030,0.0
1031,0.0
1032,32.0
1033,248.0
1034,370.4
1035,0.0
1036,202.43
1037,1055.72
1038,700.1
1042,0.4
1043,0.0
1044,320.0
1045,157.78
1046,700.8
1048,307.14
1050,230.52
1051,0.0
1052,0.0
1053,423.6
1054,0.0
1056,0.0
1057,0.0
1058,0.0
1059,0.0
1060,0.0
1061,229.92
1062,379.84
1063,0.0
1064,0.0
1065,0.0
1066,214.07
1067,76.28
1068,513.06
1069,0.0
1070,0.0
1071,440.0
1072,1071.84
1073,9.29
1074,135.04
1075,135.36
1076,0.0
1077,16.03
1078,799.99
1079,377.67
1080,52.8
1081,0.0
1082,0.0
1083,17.14
1084,28.8
1085,0.0
1086,57.04
1087,726.34
1088,1055.72
1089,25.45
1092,0.0
1093,480.0
1094,227.32
1095,130.4
1096,130.4
1097,55.03
1099,455.42
1100,0.0
1101,0.0
1103,92.11
1104,1066.46
1105,988.51
1106,160.0
1107,0.0
1108,315.73
1109,0.0
1110,0.0
1111,0.0
1112,0.0
1113,285.06
1114,86.24
1115,1.58
1116,9.29
1117,0.0
1118,1005.75
1120,39.99
1121,7.63
1123,127.1
1124,0.0
1126,0.0
1127,678.4
1128,324.14
1130,230.21
1131,646.2
1132,38.48
1133,0.0
1134,689.66
1135,660.8
1136,0.0
1137,151.49
1138,0.0
1139,32.0
1140,15.96
1141,3.03
1142,0.0
1143,0.0
1144,0.0
1145,78.4
1146,45.6
1147,26.08
1148,0.0
1149,0.0
1150,855.16
1151,824.35
1153,5.48
1154,0.0
1155,41280.0
1156,0.0
1157,0.0
1158,0.0
1159,124.37
1160,146.57
1161,124.37
1162,124.37
1163,689.66
1164,326.88
1165,413.6
1166,638.4
1167,48.0
1171,21.66
1172,0.0
1173,0.0
1174,0.0
1175,0.0
1176,0.0
1177,27.03
1178,379.36
1179,0.0
1182,182.26
1183,11.06
1184,0.0
1185,0.0
1186,160.0
1187,15.69
1188,2.57
1190,0.0
1191,38.57
1192,489.74
1193,0.0
1194,0.0
1195,0.0
1196,0.0
1197,0.0
1198,0.0
1199,54.58
1200,0.0
1201,0.0
1202,-285.53
1203,-162.56
1204,11.86
1205,101.2
1206,54.72
1207,68.28
1208,37.86
1209,385.76
1210,0.0
1211,0.0
1212,0.0
1213,0.0
1214,745.71
1215,-161.46
1216,162.56
1217,771.99
1218,176.0
1219,144.0
1220,640.0
1221,34.92
1223,28.8
1224,433.17
1226,231.82
1227,39.15
1228,62.09
1230,0.0
1231,376.72
1232,0.0
1233,0.0
1237,10.91
1238,96.0
1240,0.0
1241,0.0
1242,0.0
1244,23.96
1245,496.0
1246,256.0
1247,0.0
1248,324.01
1249,415.48
1250,32.16
1251,131.2
1252,142.68
1253,560.0
1254,164.0
1255,0.0
1256,0.0
1257,0.0
1258,0.0
1259,0.0
1260,1.1
1261,0.0
1262,0.0
1263,1030.2
1264,275.72
1266,0.0
1267,55.92
1268,1.84
1269,538.28
1271,0.0
1272,305.94
1273,44.69
1274,3.03
1275,42.12
1277,176.0
1278,0.0
1279,12.98
1280,62.09
1281,149.76
1282,0.0
1283,299.23
1284,356.32
1285,0.0
1286,7.16
1287,57.79
1288,18.24
1289,613.63
1290,144.08
1291,0.0
1292,0.0
1293,0.0
1294,0.0
1295,473.76
1296,124.96
1297,28.28
1298,48.0
1299,218.33
1300,0.0
1301,0.0
1302,0.0
1303,0.0
1304,0.0
1305,0.0
1306,20.15
1307,41.79
1308,84.78
1309,538.28
1312,8.83
1313,0.0
1314,0.0
1315,89.5
1316,30.29
1317,12.77
1318,0.0
1319,100.48
1321,13.91
1322,15.22
1324,275.86
1325,622.08
1327,12.68
1328,646.2
1329,26.5
1330,186.21
1331,262.07
1332,78.4
1333,0.0
1334,0.0
1335,0.0
1336,0.0
1337,0.0
1338,0.0
1339,0.0
1340,0.0
1341,192.0
1342,0.0
1343,0.0
1344,0.0
1345,0.0
1346,149.82
1347,16.0
1348,41.77
1349,137.76
1350,48.0
1351,0.0
1352,560.0
1353,200.0
1354,28.8
1355,6.0
1356,864.0
1357,46.63
1358,46.63
1359,0.0
1360,0.0
1361,0.0
1362,0.0
1363,2.5
1364,633.6
1365,470.4
1366,0.0
1367,0.0
1368,0.0
1369,717.6
1370,496.89
1371,0.0
1374,0.0
1375,253.93
1376,19.5
1378,75.96
1379,67.17
1380,9.19
1381,0.0
1382,0.0
1386,274.7
1387,382.03
1388,85.46
1389,39.43
1390,146.57
1392,413.6
1393,96.0
1394,0.0
1395,0.0
1396,0.0
1397,48.0
1398,739.2
1399,38.06
1400,5.88
1401,0.0
1402,202.56
1403,182.26
1404,0.0
1405,448.0
1406,723.14
1407,131.04
1408,0.0
1409,0.0
1410,16.14
1411,258.54
1412,507.16
1413,320.0
1415,313.6
1416,239.19
1417,1.91
1418,2.73
1419,339.81
1421,272.86
1422,56.0
1423,39.74
1424,0.0
1425,596.29
1427,0.0
1428,0.0
1429,177.6
1430,862.4
1431,96.0
1432,2.28
1433,0.0
1434,155.54
1435,262.0
1437,0.0
1438,0.0
1439,48.0
1440,0.0
1441,624.13
1442,646.02
1443,404.1
1444,156.8
1446,640.0
1447,4.78
1449,281.25
1450,529.12
1451,113.16
1452,590.93
1453,451.2
1454,0.0
1455,459.2
1456,216.0
1457,0.0
1458,0.0
1459,2.1
1460,223.1
1461,0.0
1462,0.0
1463,0.0
1464,438.19
1465,736.44
1467,663.68
1468,0.0
1469,120.33
1470,234.88
1471,0.0
1472,0.0
1473,0.0
1475,1042.76
1476,37.99
1477,30.09
1478,0.0
1480,979.2
1481,70.34
1482,303.45
1483,0.0
1484,62.56
1485,0.0
1486,0.0
1487,31.32
1488,0.0
1489,364.8
1490,0.0
1491,605.95
1492,35.21
1493,68.64
1494,0.0
1495,48.0
1496,176.0
1498,456.0
1499,44.63
1501,62.09
1502,380.16
1503,20.25
1504,28.8
1505,83.2
1506,42.76
1507,42.76
1508,36.84
1509,0.0
1510,789.6
1511,543.2
1512,11.63
1513,13.54
1514,49.04
1515,0.0
1516,0.0
1517,0.0
1518,826.96
1519,1184.9
1522,0.0
1523,0.0
1524,960.0
1525,35.2
1526,200.53
1527,17.68
1528,225.34
1529,12.77
1530,236.95
1532,170.96
1533,62.4
1535,11.04
1536,240.0
1537,345.41
1538,0.0
1539,160.0
1540,1.53
1541,0.0
1542,683.03
1543,0.0
1544,258.06
1545,324.14
1546,0.0
1547,0.0
1548,864.0
1549,864.0
1550,48.0
1552,40.39
1553,30.34
1554,313.6
1555,646.2
1556,149.4
1557,240.0
1558,278.89
1559,0.0
1561,68.48
1562,0.0
1563,0.0
1565,26.18
1566,8.21
1567,3.03
1569,64.0
1570,116.48
1571,0.0
1572,0.0
1573,726.24
1574,669.96
1575,237.32
1576,43.83
1578,0.0
1579,32.48
1580,19.72
1581,3.03
1582,26.41
1583,0.0
1584,768.11
1585,475.2
1586,53.76
1587,89.86
1588,11.03
1589,78.4
1590,16.8
1591,899.84
1593,29.02
1594,325.59
1595,0.0
1596,0.0
1598,1001.6
1599,413.6
1600,147.2
1601,48.04
1602,0.0
1603,61.87
1604,75.73
1605,569.4
1606,765.76
1607,765.76
1608,162.11
1610,0.0
1611,800.0
1612,312.0
1613,0.0
1614,0.64
1615,249.6
1616,0.0
1617,398.38
1618,0.0
1619,0.0
1620,96.28
1621,0.0
1622,872.3
1623,0.0
1624,960.0
1625,160.0
1626,262.07
1627,32.63
1629,28.36
1630,2.21
1631,519.35
1632,7.31
1633,0.0
1634,0.0
1635,62.4
1636,24.55
1637,87.4
1638,128.0
1639,0.0
1640,824.82
1641,12.06
1642,3.03
1643,0.0
1644,18.0
1646,0.0
1647,182.26
1648,102.4
1649,979.56
1651,0.0
1652,0.0
1653,0.0
1654,340.8
1655,76.16
1656,240.0
1657,720.0
1658,470.12
1659,83.33
1660,386.38
1661,11.48
1662,21.72
1663,82.67
1665,0.0
1666,0.0
1668,48.0
1669,0.0
1670,26.79
1672,82.62
1673,0.0
1674,0.0
1675,0.0
1676,30.09
1677,88.79
1678,88.0
1679,48.0
1680,523.1
1683,120.0
1684,0.0
1685,0.0
1686,0.0
1687,26.19
1688,0.0
1689,34.58
1690,816.64
1692,381.38
1693,1133.96
1694,318.24
1695,14.32
1696,740.31
1697,17.92
1698,278.62
1699,960.0
1700,70.24
1701,824.96
1702,84.86
1703,0.0
1705,93.78
1706,25.6
1707,251.81
1708,251.81
1709,251.81
1710,224.84
1711,224.84
1712,251.81
1713,251.81
1714,251.81
1715,224.84
1716,251.81
1717,251.81
1718,251.81
1719,224.84
1720,224.84
1721,-224.84
1722,-251.81
1723,-224.84
1724,-251.81
1725,-251.81
1726,-251.81
1727,-224.84
1728,-251.81
1729,-251.81
1730,-224.84
1731,-224.84
1732,-251.81
1733,-251.81
1734,-251.81
1735,689.66
1736,331.2
1737,192.0
1738,638.33
1739,55.36
1741,979.71
1742,320.0
1744,307.8
1746,100.35
1747,499.45
1748,61.45
1749,24.0
1750,400.0
1751,200.0
1752,249.6
1754,1051.2
1755,185.09
1756,947.28
1757,184.8
1758,105.2
1759,48.0
1760,0.0
1761,40.19
1762,20.1
1763,26.79
1764,17.66
1765,0.0
1766,200.0
1767,42.12
1768,0.0
1769,0.0
1770,28.97
1771,0.0
1772,24.79
1773,4.97
1774,36.84
1775,23.45
1776,208.8
1777,275.2
1779,40.19
1780,73.21
1781,40.4
1782,316.8
1783,53.98
1784,199.46
1785,0.0
1786,0.0
1787,0.0
1788,0.0
1789,0.0
1790,794.11
1791,527.69
1792,192.0
1793,230.03
1794,1.48
1795,12.55
1796,42.24
1797,160.0
1799,17.46
1800,898.62
1801,945.82
1802,0.0
1803,0.0
1804,207.36
1805,57.6
1806,127.52
1807,264.16
1808,1.05
1809,249.6
1810,55.03
1811,0.0
1812,952.01
1813,1172.8
1814,498.88
1815,627.2
1816,64.0
1817,1047.34
1819,0.0
1820,213.63
1821,86.35
1823,69.76
1824,240.0
1825,596.0
1827,49.51
1829,0.0
1830,0.0
1831,0.0
1832,0.0
1833,0.0
1834,0.0
1835,0.0
1836,0.0
1837,0.0
1838,0.0
1839,0.0
1840,229.89
1841,0.0
1842,0.0
1843,0.0
1844,724.87
1845,759.66
1847,0.0
1848,0.0
1849,0.0
1850,0.0
1851,0.0
1853,105.6
1854,416.0
1855,0.0
1856,180.72
1860,13.47
1861,10.76
1862,544.83
1863,0.0
1864,40.4
1865,66.98
1866,50.06
1867,40.38
1868,26.09
1869,217.22
1870,1129.08
1871,564.54
1872,246.4
1873,16.56
1874,0.0
1875,0.0
1876,47.08
1877,48.0
1878,48.0
1879,291.87
1880,0.0
1881,0.0
1882,64.33
1883,32.0
1884,2.53
1885,560.0
1886,134.4
1888,37.44
1889,0.0
1890,128.83
1891,6.34
1892,205.44
1893,532.44
1894,121.54
1895,242.4
1896,194.58
1897,240.0
1898,27.84
1899,104.0
1900,45.77
1901,39.26
1902,288.0
1903,28.56
1904,646.2
1905,253.82
1906,86.4
1907,1021.19
1909,203.07
1910,971.69
1912,-194.58
1913,408.01
1914,32.0
1917,97.29
1918,-97.29
1919,0.0
1920,0.0
1921,76.56
1923,2.94
1924,563.51
1925,0.0
1926,2.48
1927,0.0
1929,0.0
1930,78.4
1931,69.6
1933,888.22
1934,888.32
1935,251.81
1936,-251.81
1937,200.0
1938,360.8
1939,48.32
1940,33.6
1941,960.0
1942,159.2
1943,0.0
1944,38.46
1945,82.52
1946,0.0
1947,143.79
1948,109.3
1949,100.8
1950,384.0
1951,511.63
1952,61.92
1953,0.0
1954,0.0
1955,78.4
1956,69.6
1957,0.0
1958,0.0
1959,0.0
1960,0.0
1961,0.0
1962,165.38
1963,206.62
1966,0.0
1967,40.4
1968,0.0
1969,0.0
1970,230.27
1971,0.0
1972,560.32
1973,25.6
1974,10.56
1975,75.73
1976,353.03
1977,331.55
1978,16.17
1979,800.0
1980,80.0
1981,0.0
1982,25.75
1983,395.68
1984,853.6
1985,30.02
1986,1021.68
1989,400.0
1990,63.2
1991,329.32
1992,6.37
1993,43.2
1994,40.41
1995,140.8
1996,32.63
1998,0.0
1999,0.0
2000,0.0
2001,41.98
2002,29.12
2003,0.0
2004,6.9
2005,24.56
2006,605.95
2007,60.69
2008,0.0
2009,8.4
2010,0.0
2011,0.0
2012,0.0
2013,0.0
2014,45.32
2015,182.26
2016,947.28
2017,0.0
2018,0.0
2019,713.89
2020,38.9
2021,68.88
2022,114.08
2023,0.0
2024,208.0
2025,0.0
2026,87.17
2027,25.57
2028,275.72
2029,0.0
2031,0.0
2032,132.41
2033,0.0
2034,0.0
2036,0.0
2037,376.0
2038,3.16
2039,14.22
2040,46.8
2041,25.28
2042,259.57
2043,651.66
2044,0.0
2045,55.03
2047,12.66
2048,46.4
2049,1018.71
2050,811.81
2052,156.8
2053,997.6
2054,270.08
2055,38.7
2056,885.6
2058,156.92
2060,0.0
2061,0.0
2062,320.0
2063,689.66
2066,26.94
2067,24.52
2068,39.22
2069,1190.02
2070,0.0
2071,0.0
2072,0.0
2073,446.08
2074,0.0
2075,0.0
2076,41.38
2077,0.0
2078,0.0
2079,560.52
2080,0.0
2081,266.07
2083,0.0
2084,3.37
2085,144.0
2086,17.44
2087,56.32
2088,0.0
2089,572.98
2090,127.61
2092,256.0
2093,114.4
2094,60.61
2095,40.19
2096,98.88
2097,3.95
2098,705.22
2100,560.52
2101,896.58
2102,0.0
2103,944.29
2104,1118.84
2106,20.22
2107,262.07
2108,0.0
2109,284.18
2110,17.22
2113,0.0
2114,0.0
2116,0.0
2117,35.56
2118,55.03
2119,0.0
2120,0.0
2121,0.0
2122,0.0
2124,283.2
2125,94.28
2126,37.97
2128,0.0
2129,0.0
2130,0.0
2131,0.0
2132,384.32
2133,0.0
2135,40.4
2136,10.12
2137,280.0
2138,6.74
2139,192.79
2140,0.0
2141,790.4
2142,790.4
2143,111.44
2144,73.11
2145,5.91
2146,335.7
2147,520.0
2148,20.69
2149,1039.95
2150,24.55
2152,96.0
2153,22.14
2154,0.0
2155,202.0
2156,115.33
2157,28.56
2160,128.48
2162,0.0
2163,0.0
2164,244.62
2165,400.0
2166,50.55
2167,497.92
2169,48.0
2170,67.34
2171,53.39
2172,22.29
2173,195.61
2174,41.92
2175,691.06
2176,18.08
2177,36.96
2178,0.0
2180,800.0
2181,0.0
2182,636.31
2183,388.25
2184,107.33
2185,403.96
2186,0.0
2187,520.2
2188,0.0
2189,393.1
2191,316.8
2192,0.0
2193,0.0
2195,0.0
2196,7.41
2197,78.4
2198,0.0
2199,770.76
2200,0.0
2201,0.0
2202,0.0
2203,79.38
2204,26.88
2205,88.8
2206,312.0
2207,208.0
2208,17.86
2209,107.14
2210,0.0
2211,8.05
2212,17.6
2213,896.0
2214,199.92
2215,345.6
2216,888.22
2217,888.32
2218,94.81
2219,0.0
2220,0.0
2221,0.0
2222,0.0
2223,746.24
2224,0.0
2225,13.24
2226,86.91
2227,403.2
2228,48.0
2229,204.0
2230,136.0
2231,0.0
2232,23.86
2234,0.0
2235,0.0
2236,1111.92
2238,1176.0
2239,0.0
2240,896.41
2241,-107.14
2242,-17.86
2243,28.73
2244,0.0
2245,274.06
2246,29.16
2247,7.31
2248,33.28
2249,95.04
2250,75.73
2251,353.37
2255,0.0
2256,517.44
2257,48.0
2258,0.0
2259,0.0
2260,422.06
2261,456.0
2262,58.62
2263,0.0
2264,34.48
2265,48.28
2266,165.52
2267,56.81
2268,63.17
2270,979.82
2271,0.0
2272,800.0
2273,616.8
2274,12.74
2275,2.43
2276,152.8
2277,13.3
2278,102.4
2279,0.0
2280,915.2
2281,53.12
2282,193.19
2283,62.4
2284,711.94
2285,265.42
2286,101.07
2288,572.41
2290,0.0
2291,76.8
2292,134.72
2293,26.94
2294,29.72
2295,432.0
2296,3.03
2297,42.12
2298,528.0
2299,0.0
2300,54.92
2301,275.67
2302,14.94
2304,19.3
2305,458.4
2306,58.01
2307,137.13
2308,920.73
2309,20.28
2310,78.27
2312,0.0
2313,0.0
2315,23.4
2316,317.24
2317,1065.6
2318,0.0
2319,0.0
2320,22.1
2321,431.97
2322,62.72
2324,1190.02
2325,59.4
2326,723.84
2327,264.31
2328,0.0
2329,0.0
2330,3.35
2331,576.0
2332,50.4
2333,0.0
2334,0.0
2335,0.0
2336,943.84
2337,589.76
2338,364.0
2339,12.84
2340,578.3
2341,23.04
2342,55.03
2343,320.0
2344,264.83
2345,0.0
2346,0.0
2348,960.0
2349,353.6
2350,28.57
2351,10.71
2352,60.22
2353,42.63
2354,0.0
2355,31.68
2356,216.0
2357,4.11
2358,47.59
2360,26.27
2361,144.0
2362,0.0
2363,0.0
2364,0.56
2365,141.6
2366,0.0
2367,0.0
2368,256.96
2369,525.89
2370,89.6
2371,10.19
2373,672.0
2375,0.0
2376,0.0
2377,291.35
2378,9.96
2379,130.4
2380,54.89
2383,434.4
2384,480.0
2385,520.2
2386,0.0
2387,4.61
2389,0.0
2390,3.95
2391,22.4
2392,25.6
2393,7.18
2394,3.37
2395,652.8
2396,283.2
2397,1078.18
2398,13.1
2399,576.6
2400,810.79
2401,101.61
2403,80.0
2404,508.8
2405,170.88
2406,99.45
2407,0.0
2408,500.48
2409,0.0
2410,0.0
2411,0.0
2412,0.0
2413,360.0
2414,585.6
2415,37.22
2416,30.99
2417,55.03
2418,56.0
2419,422.4
2420,29.95
2421,0.0
2422,217.72
2423,63.34
2424,520.0
2425,1120.54
2426,21.53
2427,544.0
2428,0.0
2431,228.48
2432,284.1
2433,218.76
2435,256.96
2436,151.17
2437,0.0
2438,0.0
2439,0.0
2441,377.76
2442,1065.6
2443,0.0
2444,155.2
2445,4.46
2446,8.63
2447,79.36
2448,285.45
2449,0.0
2450,0.0
2451,0.0
2452,0.0
2453,230.4
2454,72.38
2456,691.78
2457,0.0
2458,0.0
2459,11.5
2460,89.6
2461,67.2
2463,0.0
2464,564.62
2465,42.34
2466,258.84
2467,72.48
2469,527.92
2470,409.73
2471,-658.2
2472,336.0
2474,862.4
2475,30.24
2476,653.76
2477,213.79
2478,469.92
2479,17.02
2480,312.8
2481,0.0
2482,243.52
2484,0.14
2486,27.77
2487,83.83
2488,25.92
2489,0.0
2490,0.0
2491,0.0
2494,23.17
2495,888.22
2496,888.32
2497,974.7
2498,16.63
2500,360.0
2501,240.0
2502,41.24
2503,38.93
2504,482.07
2505,43.22
2507,952.01
2508,78.4
2509,806.22
2510,0.0
2511,0.0
2512,240.0
2513,19.51
2514,40.0
2515,31.32
2516,0.0
2517,0.0
2518,348.48
2520,0.0
2521,99.23
2522,0.0
2523,0.0
2524,0.0
2525,0.0
2526,0.0
2527,465.44
2528,0.0
2529,0.0
2530,0.0
2531,141.58
2532,800.0
2533,24.32
2534,147.2
2535,75.73
2536,348.84
2537,0.0
2538,40.0
2539,55.03
2540,462.4
2541,60.8
2543,6.07
2544,51.2
2545,12.82
2546,188.23
2547,8.95
2548,662.28
2549,29.44
2550,193.19
2551,134.66
2552,1083.21
2553,231.97
2555,384.0
2556,22.76
2557,676.8
2558,10.21
2559,267.75
2560,94.82
2561,-469.92
2562,469.92
2563,51.2
2565,18.39
2566,111.68
2567,41.92
2568,949.56
2569,99.52
2570,0.0
2571,0.0
2572,10.19
2573,1065.6
2574,0.0
2575,40.0
2576,744.0
2577,81.6
2578,50.9
2579,8.6
2580,384.0
2581,80.0
2582,190.74
2585,0.0
2586,0.0
2587,96.0
2588,0.0
2589,186.56
2591,36.04
2592,0.0
2593,0.0
2595,16.77
2596,12.53
2597,44.93
2598,121.02
2599,0.0
2600,294.88
2602,192.0
2603,0.0
2604,549.69
2605,59.02
2606,74.79
2607,448.0
2608,53.34
2609,0.0
2610,311.52
2612,320.0
2613,6.77
2614,57.6
2615,88.8
2616,720.0
2617,5.04
2618,25.67
2619,40.19
2620,0.0
2621,0.0
2622,0.0
2623,0.0
2624,0.0
2626,14.32
2629,384.0
2630,0.0
2633,464.82
2634,18.41
2636,615.53
2637,0.0
2638,15.48
2639,0.0
2640,56.56
2642,11.84
2644,690.15
2646,520.0
2647,851.72
2648,0.0
2650,1040.0
2651,63.35
2652,0.0
2653,0.0
2654,124.0
2655,83.04
2656,0.0
2657,33.1
2658,158.4
2659,0.0
2660,0.0
2661,0.0
2662,94.92
2663,33.1
2664,0.0
2665,0.0
2666,28.97
2667,36.83
2668,0.0
2669,0.0
2670,84.0
2671,312.0
2672,32.68
2673,46.34
2674,156.55
2676,59.52
2680,0.0
2681,0.0
2682,88.0
2683,24.48
2684,124.8
2685,269.97
2687,-165.52
2688,57.66
2689,14.69
2690,130.4
2691,388.39
2693,244.8
2694,55.03
2696,379.04
2698,52.48
2699,0.0
2700,0.0
2701,1065.6
2702,1122.19
2703,49.25
2704,11.48
2706,80.0
2707,544.83
2708,0.0
2709,16.42
2710,0.0
2711,633.6
2712,0.0
2713,0.0
2714,190.8
2715,0.0
2716,0.0
2718,0.0
2720,28.42
2721,90.24
2723,229.89
2725,694.69
2726,96.36
2727,312.8
2728,407.54
2729,9.04
2730,0.0
2731,12.69
2733,0.0
2734,188.28
2735,52.41
2736,512.0
2737,28.8
2738,0.0
2739,7.87
2740,164.14
2741,0.0
2742,0.0
2743,196.34
2744,219.68
2745,46.23
2746,0.0
2747,148.56
2748,180.8
2749,17.46
2750,640.0
2751,640.0
2752,304.0
2753,7.04
2754,0.0
2755,0.0
2756,0.0
2757,113.6
2758,0.0
2759,0.0
2760,0.0
2763,0.0
2764,177.93
2766,0.0
2768,440.89
2769,0.0
2770,13.45
2771,0.0
2772,277.31
2773,444.8
2774,-48.28
2775,25.26
2776,32.9
2778,0.0
2779,0.0
2780,0.0
2781,0.0
2782,0.0
2784,0.0
2785,0.0
2786,0.0
2787,28.68
2789,28.73
2790,832.0
2791,38.7
2792,23.15
2793,0.0
2794,0.0
2795,26.48
2797,0.0
2798,0.0
2799,0.0
2800,0.0
2802,78.4
2803,50.4
2804,888.22
2805,888.32
2806,0.0
2807,0.0
2808,0.0
2809,0.0
2810,13.72
2812,41.49
2813,29.09
2814,0.0
2815,75.73
2816,349.2
2817,107.84
2818,688.96
2819,57.6
2820,112.32
2821,0.0
2822,0.0
2823,366.08
2824,0.0
2825,0.0
2826,0.0
2827,9.1
2828,16.51
2829,64.83
2830,25.6
2831,0.0
2832,19.32
2833,15.17
2834,0.0
2836,71.15
2837,22.8
2838,0.0
2839,0.0
2840,0.0
2841,55.03
2842,0.0
2844,320.0
2845,800.0
2846,0.0
2847,912.0
2848,91.98
2849,241.89
2850,16.63
2851,352.0
2852,110.4
2853,63.17
2856,246.07
2857,253.79
2858,54.08
2859,61.52
2860,23.28
2861,0.0
2862,44.66
2863,116.23
2864,18.58
2865,193.19
2866,193.66
2867,0.0
2868,0.0
2869,0.0
2870,0.0
2871,409.6
2872,0.0
2873,0.0
2874,134.43
2875,711.94
2876,1065.6
2877,94.02
2878,148.48
2879,45.82
2880,0.0
2881,13.79
2882,3.32
2883,1079.54
2884,0.0
2885,50.75
2886,0.0
2888,12.92
2889,0.0
2890,0.0
2891,0.0
2892,895.2
2894,9.19
2895,0.0
2896,425.87
2897,0.0
2898,30.9
2899,117.25
2900,145.66
2901,256.0
2902,279.58
2905,77.11
2906,28.68
2907,256.63
2908,22.12
2909,42.12
2910,37.26
2912,242.0
2913,19.2
2914,54.4
2915,68.8
2916,256.0
2917,19.88
2918,0.0
2919,170.72
2920,0.0
2923,960.0
2924,251.75
2925,26.91
2926,5.73
2927,383.6
2928,328.64
2930,384.32
2931,0.0
2932,0.0
2933,0.0
2934,0.0
2935,0.0
2936,0.0
2937,0.0
2938,0.0
2939,229.03
2940,0.0
2941,256.55
2944,0.0
2945,0.0
2946,0.0
2947,0.0
2948,0.0
2949,0.0
2950,320.0
2951,272.0
2952,0.0
2954,0.0
2955,161.12
2956,-80.0
2957,32.19
2959,0.0
2960,26.86
2962,8.0
2963,0.0
2964,26.96
2965,78.28
2966,62.33
2967,384.0
2968,115.2
2969,18.39
2970,25.94
2972,836.92
2973,0.0
2974,371.75
2975,0.0
2976,37.36
2979,0.0
2980,336.0
2981,-28.68
2982,3.21
2983,271.32
2984,51.81
2986,0.0
2987,0.0
2988,0.0
2989,0.0
2993,1056.0
2994,0.0
2995,0.0
2996,65.76
2997,47.93
2998,426.85
2999,18.59
3000,432.4
3002,661.41
3003,0.0
3004,0.0
3005,979.2
3006,0.0
3007,0.0
3008,0.0
3009,366.08
3011,0.0
3012,55.17
3013,31.36
3014,7.42
3015,55.03
3016,0.0
3017,42.48
3018,269.57
3019,0.0
3020,947.28
3021,1065.6
3022,26.87
3023,0.0
3024,57.6
3025,9.6
3026,960.0
3027,9.08
3028,172.8
3029,23.36
3030,25.26
3032,0.0
3033,0.0
3034,78.43
3035,0.0
3036,0.0
3037,0.0
3038,40.64
3039,5.59
3040,321.62
3041,0.0
3042,6.45
3043,31.2
3044,43.78
3045,140.8
3046,43.2
3047,229.89
3048,18.39
3049,312.8
3050,1142.22
3052,-24.51
3054,45.52
3055,168.0
3056,17.46
3057,538.0
3058,68.44
3059,490.24
3060,53.73
3061,290.17
3062,37.67
3063,24.14
3065,288.0
3067,214.4
3069,112.26
3070,0.0
3071,492.8
3072,304.56
3073,0.0
3074,21.26
3075,33.1
3076,16.0
3077,179.2
3078,0.0
3079,0.0
3080,0.0
3081,446.76
3082,844.8
3083,71.45
3084,174.56
3085,0.0
3087,224.0
3088,329.6
3089,0.0
3090,0.0
3091,0.0
3093,68.97
3094,41.06
3095,27.59
3096,0.0
3097,0.0
3099,925.93
3100,0.0
3101,0.0
3102,888.22
3103,888.32
3104,3.78
3105,0.0
3106,0.0
3107,0.0
3108,41.38
3109,6.7
3110,265.76
3111,448.0
3112,0.0
3113,78.4
3114,28.8
3115,129.28
3116,549.44
3117,0.0
3119,55.03
3120,0.0
3121,0.0
3122,0.0
3123,0.0
3124,115.17
3125,342.07
3126,88.8
3127,272.0
3128,204.0
3130,0.0
3131,33.22
3132,227.8
3133,1136.58
3134,0.0
3135,0.0
3136,80.0
3138,593.5
3139,0.0
3140,20.91
3142,344.13
3143,339.2
3144,-34.48
3145,48.07
3146,117.24
3148,89.66
3149,739.84
3150,57.6
3151,0.0
3152,191.8
3153,7.7
3154,348.36
3155,75.73
3157,0.0
3158,0.0
3159,288.87
3160,268.32
3161,0.0
3162,1065.6
3163,800.0
3164,112.0
3165,27.59
3166,131.67
3167,14.07
3168,60.55
3169,178.63
3170,721.8
3171,0.0
3172,54.08
3173,0.0
3174,0.0
3175,0.0
3176,56.63
3178,0.0
3179,0.0
3181,0.0
3182,0.0
3183,0.0
3185,40.32
3186,19.46
3187,23.31
3188,440.0
3189,197.12
3190,320.16
3191,60.48
3192,0.0
3193,0.0
3194,6.85
3196,0.0
3197,0.0
3198,314.28
3199,492.0
3200,193.19
3203,112.84
3204,11.83
3205,22.08
3206,0.0
3207,744.0
3208,19.2
3209,560.0
3210,674.7
3211,105.86
3214,0.0
3215,600.0
3216,174.89
3217,28.8
3218,880.0
3219,336.0
3220,1.68
3221,0.0
3222,126.23
3223,0.0
3224,0.0
3225,0.0
3226,0.0
3227,0.0
3228,244.0
3230,109.83
3231,0.0
3232,276.8
3233,320.0
3234,0.0
3235,0.0
3236,0.0
3237,8.01
3238,46.4
3239,39.22
3240,256.96
3241,589.89
3242,0.0
3243,88.88
3244,0.0
3245,28.97
3246,605.98
3247,345.76
3248,36.83
3249,4.97
3251,56.73
3252,544.0
3253,53.76
3254,1056.0
3255,18.39
3256,19.2
3259,1184.21
3260,29.87
3261,0.0
3262,230.27
3263,445.44
3264,144.0
3265,43.77
3266,236.8
3267,5.85
3268,141.52
3271,176.0
3272,0.0
3273,728.64
3275,312.0
3277,0.0
3278,144.0
3279,0.0
3280,26.88
3281,302.22
3282,0.0
3283,0.0
3284,38.39
3285,0.0
3286,0.0
3288,0.0
3289,-33.45
3290,0.0
3291,0.0
3292,29.72
3293,13.99
3294,1073.22
3296,0.0
3297,1065.6
3298,314.5
3300,7.05
3301,391.21
3302,253.44
3303,55.03
3304,307.12
3305,3.86
3308,136.0
3310,1.83
3312,63.63
3313,172.93
3314,3.48
3315,0.0
3316,-2.9
3317,22.07
3318,0.0
3319,229.89
3320,0.0
3321,0.0
3322,0.0
3323,0.0
3324,0.0
3325,364.0
3326,0.0
3327,0.0
3328,312.8
3331,446.76
3333,112.57
3334,0.0
3336,127.95
3337,20.21
3338,365.57
3339,26.21
3340,0.0
